code,status,fb_name,fb_profile_url,grade,city,dm_date,notes
XXXX-XXXX-XXXX-01,spare,,,,,,"smoke-test candidate"
XXXX-XXXX-XXXX-02,spare,,,,,,"spare"
XXXX-XXXX-XXXX-03,spare,,,,,,"spare"
XXXX-XXXX-XXXX-04,spare,,,,,,"spare"
XXXX-XXXX-XXXX-05,spare,,,,,,"spare"
XXXX-XXXX-XXXX-06,available,,,,,,"prize pool"
XXXX-XXXX-XXXX-07,available,,,,,,"prize pool"
XXXX-XXXX-XXXX-08,available,,,,,,"prize pool"
XXXX-XXXX-XXXX-09,available,,,,,,"prize pool"
XXXX-XXXX-XXXX-10,available,,,,,,"prize pool"
XXXX-XXXX-XXXX-11,available,,,,,,"prize pool"
XXXX-XXXX-XXXX-12,available,,,,,,"prize pool"
XXXX-XXXX-XXXX-13,available,,,,,,"prize pool"
XXXX-XXXX-XXXX-14,available,,,,,,"prize pool"
XXXX-XXXX-XXXX-15,available,,,,,,"prize pool"
XXXX-XXXX-XXXX-16,available,,,,,,"prize pool"
XXXX-XXXX-XXXX-17,available,,,,,,"prize pool"
XXXX-XXXX-XXXX-18,available,,,,,,"prize pool"
XXXX-XXXX-XXXX-19,available,,,,,,"prize pool"
XXXX-XXXX-XXXX-20,available,,,,,,"prize pool"
XXXX-XXXX-XXXX-21,available,,,,,,"prize pool"
XXXX-XXXX-XXXX-22,available,,,,,,"prize pool"
XXXX-XXXX-XXXX-23,available,,,,,,"prize pool"
XXXX-XXXX-XXXX-24,available,,,,,,"prize pool"
XXXX-XXXX-XXXX-25,available,,,,,,"prize pool"
